<?xml version = "1.0" encoding = "utf-8" ?>

<!--********** Copyright 2016 Roku Corp.  All Rights Reserved. **********-->
 
<component name = "RowListContent" extends = "ContentNode" >

  <children >

    <ContentNode title = "Node 1" >
      <ContentNode 
        HDPosterUrl = "http://www.sdktestinglab.com/Tutorial/images/rectanglepg.jpg" 
        title = "Node 1" />
      <ContentNode 
        HDPosterUrl = "http://www.sdktestinglab.com/Tutorial/images/rectanglerotpg.jpg" 
        title = "Node 2" />
      <ContentNode 
        HDPosterUrl = "http://www.sdktestinglab.com/Tutorial/images/labelpg.jpg" 
        title = "Node 3" />
      <ContentNode 
        HDPosterUrl = "http://www.sdktestinglab.com/Tutorial/images/posterpg.jpg" 
        title = "Node 4" />
    </ContentNode>

    <ContentNode title = "Node 2" >
      <ContentNode 
        HDPosterUrl = "http://www.sdktestinglab.com/Tutorial/images/zorectanglespg.jpg" 
        title = "Node 5" />
      <ContentNode 
        HDPosterUrl = "http://www.sdktestinglab.com/Tutorial/images/zorenderablespg.jpg" 
        title = "Node 6"/>
      <ContentNode 
        HDPosterUrl = "http://www.sdktestinglab.com/Tutorial/images/pcrenderablespg.jpg" 
        title = "Node 7"/>
      <ContentNode 
        HDPosterUrl = "http://www.sdktestinglab.com/Tutorial/images/pcrectanglespg.jpg" 
        title = "Node 8"/>
    </ContentNode>
  </children>

</component>